password,timestamp,length,options,strength
FU7a]1L)2zVU,2026-10-06T16:21:09.575023,12,"{'use_uppercase': True, 'use_lowercase': True, 'use_digits': True, 'use_symbols': True, 'exclude_similar': False}",Strong
")>,#Wj37Y=TuGC:?",2026-10-06T16:21:09.788123,16,"{'use_uppercase': True, 'use_lowercase': True, 'use_digits': True, 'use_symbols': True, 'exclude_similar': False}",Strong
H46)sZDd!yNH,2026-10-06T16:21:09.984348,12,"{'use_uppercase': True, 'use_lowercase': True, 'use_digits': True, 'use_symbols': True, 'exclude_similar': False}",Strong
|LmNZ!(w5wSc,2026-10-06T16:21:09.985519,12,"{'use_uppercase': True, 'use_lowercase': True, 'use_digits': True, 'use_symbols': True, 'exclude_similar': False}",Strong
42EW:u&l(JmK,2026-10-06T16:21:09.986502,12,"{'use_uppercase': True, 'use_lowercase': True, 'use_digits': True, 'use_symbols': True, 'exclude_similar': False}",Strong
Z(yP0_%OkNTk,2026-10-06T16:21:09.987592,12,"{'use_uppercase': True, 'use_lowercase': True, 'use_digits': True, 'use_symbols': True, 'exclude_similar': False}",Strong
":F^kW$e,kbG3",2026-10-06T16:21:09.988615,12,"{'use_uppercase': True, 'use_lowercase': True, 'use_digits': True, 'use_symbols': True, 'exclude_similar': False}",Strong
))g&Jv*5}l[w,2026-10-06T16:21:42.986025,12,"{'use_uppercase': True, 'use_lowercase': True, 'use_digits': True, 'use_symbols': True, 'exclude_similar': False}",Strong
"REuJR;,;Np0y%?b{",2026-10-06T16:21:43.185360,16,"{'use_uppercase': True, 'use_lowercase': True, 'use_digits': True, 'use_symbols': True, 'exclude_similar': False}",Strong
"]9kX]7:],6&jYX",2026-10-06T16:21:43.385196,14,"{'use_uppercase': True, 'use_lowercase': True, 'use_digits': True, 'use_symbols': True, 'exclude_similar': False}",Strong
"8ESlb4,xI{1xoI",2026-10-06T16:21:43.386464,14,"{'use_uppercase': True, 'use_lowercase': True, 'use_digits': True, 'use_symbols': True, 'exclude_similar': False}",Strong
")}8UEe2sMUg_Z,",2026-10-06T16:21:43.387718,14,"{'use_uppercase': True, 'use_lowercase': True, 'use_digits': True, 'use_symbols': True, 'exclude_similar': False}",Strong
